{"16666948027659933034/val_recall":0.720838469049639,"_wandb":{"runtime":710},"3312995038001864474/train_loss":0.5555673022216289,"federated_evaluate_f1score":0.7409814856914454,"federated_evaluate_accuracy":0.7425035360678925,"15320067554221312856/val_loss":0.5512794435024262,"16666948027659933034/train_recall":0.7429590919824247,"_runtime":710.291429834,"16666948027659933034/train_acc":0.7424552027664256,"3312995038001864474/train_acc":0.7411191449229801,"15320067554221312856/train_f1":0.7417930163160251,"14520830985044535066/train_f1":0.7471978497624148,"15320067554221312856/val_f1":0.7530195653235359,"15320067554221312856/val_recall":0.7548289969890666,"federated_evaluate_recall":0.7425402455628939,"14520830985044535066/train_loss":0.5495536337096487,"federated_evaluate_loss":0.5522842127326373,"16666948027659933034/val_f1":0.7153603820358376,"14520830985044535066/val_loss":0.5479353388150533,"16666948027659933034/val_loss":0.5657366434733073,"15320067554221312856/val_acc":0.7545968882602546,"federated_evaluate_precision":0.748341184844161,"14520830985044535066/train_recall":0.7472794648497847,"15320067554221312856/train_acc":0.7421408362150267,"_step":20,"3312995038001864474/val_acc":0.7192362093352193,"14520830985044535066/val_recall":0.7524797448319056,"3312995038001864474/val_f1":0.7185660534383485,"3312995038001864474/train_f1":0.7403105636843363,"16666948027659933034/train_f1":0.7422117754735867,"16666948027659933034/train_loss":0.5519935553097844,"15320067554221312856/train_loss":0.5540864421195121,"16666948027659933034/val_acc":0.7192362093352193,"3312995038001864474/val_recall":0.7191686272626878,"15320067554221312856/train_recall":0.7422442087666745,"_timestamp":1.742326109687746e+09,"3312995038001864474/val_loss":0.5667487402757009,"3312995038001864474/train_recall":0.7410843545308974,"14520830985044535066/val_f1":0.7508571891486842,"14520830985044535066/val_acc":0.7538896746817539,"14520830985044535066/train_acc":0.7478780257780572}