{"Client with id: 12857587677465837383/train_acc":0.5292196327683616,"Client with id: 12857587677465837383/train_loss":3436.403392747901,"Client with id: 2931475729589398663/train_acc":0.5342514124293786,"Federated Evaluation/loss":65.77305603027344,"Client with id: 12857587677465837383/val_loss":151.40598929268972,"Client with id: 12857587677465837383/val_prec":0.43474347434743477,"Client with id: 12857587677465837383/val_acc":0.36983842010771995,"Client with id: 2931475729589398663/train_f1":0.5003186374836468,"Client with id: 2931475729589398663/val_f1":0.38707015130674005,"Client with id: 2931475729589398663/train_prec":0.5003210531330995,"Federated Evaluation/precision":0.4405995095424564,"Federated Evaluation/accuracy":0.63016157989228,"Client with id: 12857587677465837383/val_f1":0.2716614744136014,"Client with id: 12857587677465837383/train_f1":0.4961776251004491,"_step":50,"Federated Evaluation/recall":0.5002924557687908,"Client with id: 2931475729589398663/train_recall":0.500321878262209,"Client with id: 12857587677465837383/val_recall":0.4992479877188615,"Federated Evaluation/f1score":0.3910748165392234,"Client with id: 12857587677465837383/train_prec":0.4961755578481733,"Client with id: 12857587677465837383/train_recall":0.49618406090600936,"Client with id: 2931475729589398663/val_acc":0.631508078994614,"Client with id: 2931475729589398663/train_loss":3413.5040441052665,"Client with id: 2931475729589398663/val_loss":212.51704733712333,"_wandb":{"runtime":3003},"Client with id: 2931475729589398663/val_recall":0.5,"Client with id: 2931475729589398663/val_prec":0.315754039497307,"_runtime":3003.4347824,"_timestamp":1.7464726874683452e+09}