{"Client 14859973705466029879/train_recall":0.6367882561819705,"Client 13439963076577826277/train_f1":0.675604617804663,"Client 13825936711638916313/train_f1":0.6814519029682349,"Client 14859973705466029879/val_acc":0.8646864686468647,"Federated Evaluation/precision":0.8183021458886044,"Client 13825936711638916313/val_recall":0.890576852356738,"Client 14859973705466029879/val_f1":0.8489171647066384,"Client 16955545019744118280/val_f1":0.8266626752482162,"Client 16955545019744118280/train_loss":0.515861399023851,"Client 13825936711638916313/train_acc":0.7840909090909091,"Client 13439963076577826277/val_recall":0.9009014471663028,"Client 16955545019744118280/val_prec":0.8334026671152525,"Client 14859973705466029879/train_acc":0.7854785478547854,"Federated Evaluation/f1score":0.8436321990663,"Client 13439963076577826277/train_acc":0.7843784378437844,"Client 13439963076577826277/train_loss":0.5363227411492829,"Client 16955545019744118280/val_acc":0.858085808580858,"Client 13439963076577826277/val_prec":0.8346346647920798,"Client 16955545019744118280/train_f1":0.693016258606113,"Client 13825936711638916313/train_loss":0.5402126502780971,"Client 14859973705466029879/train_f1":0.6805439368923133,"Client 13825936711638916313/val_loss":0.3433030434442978,"Federated Evaluation/recall":0.8851476406285734,"_wandb":{"runtime":520},"Client 14859973705466029879/val_recall":0.8836261159811972,"Federated Evaluation/loss":0.32899522923679436,"Client 16955545019744118280/train_acc":0.7994132746607994,"Client 13825936711638916313/train_prec":0.7650858982612997,"Client 14859973705466029879/train_loss":0.5187991299008257,"_timestamp":1.7469035201067116e+09,"Client 16955545019744118280/val_loss":0.3672465045789355,"Client 16955545019744118280/train_recall":0.6472415933851218,"Client 14859973705466029879/train_prec":0.7608459419121183,"Client 13825936711638916313/val_prec":0.8167391903717288,"Client 14859973705466029879/val_loss":0.3609279862752086,"Client 13439963076577826277/val_loss":0.3181010181280343,"Client 13439963076577826277/train_recall":0.6318807187886851,"Federated Evaluation/accuracy":0.8901715039577837,"Client 16955545019744118280/val_recall":0.8205421387570307,"_runtime":520.9403465,"Client 13825936711638916313/train_recall":0.6371417100053743,"Client 13439963076577826277/val_f1":0.8580200345448977,"Client 16955545019744118280/train_prec":0.778152561182174,"Client 13439963076577826277/val_acc":0.8877887788778878,"Client 13439963076577826277/train_prec":0.7573106662930954,"Client 14859973705466029879/val_prec":0.8227146042363435,"Client 13825936711638916313/val_acc":0.8910891089108911,"_step":1,"Client 13825936711638916313/val_f1":0.8456668146983212}