{"Client with id: 15101819053264261822/train_loss":0.5337506084777843,"Client with id: 8171213837866800558/train_recall":0.7295782810895803,"Client with id: 11946970842997732256/val_prec":0.7335167657452812,"Client with id: 11946970842997732256/val_recall":0.7357774596852267,"Client with id: 15101819053264261822/val_recall":0.7009450945094509,"Federated Evaluation/loss":0.559085488319397,"_step":50,"_runtime":1997.9459571,"Client with id: 8171213837866800558/val_recall":0.7633284563977634,"Client with id: 15101819053264261822/train_acc":0.7420977011494253,"Client with id: 15657000865243131826/train_prec":0.7397209702830267,"Client with id: 15101819053264261822/val_f1":0.7082420049843511,"Client with id: 11946970842997732256/train_prec":0.7132517353306987,"Client with id: 8171213837866800558/train_f1":0.7280924893847474,"Client with id: 15101819053264261822/train_f1":0.7220317412286654,"Client with id: 11946970842997732256/train_recall":0.7139898850921422,"Client with id: 11946970842997732256/val_f1":0.7345784778203261,"Client with id: 15657000865243131826/val_acc":0.7796229802513465,"Client with id: 15101819053264261822/train_recall":0.72212456157045,"Client with id: 8171213837866800558/train_prec":0.7268107685243448,"Client with id: 8171213837866800558/val_prec":0.7460585494162919,"Client with id: 15657000865243131826/train_loss":0.5044703645224886,"Client with id: 15657000865243131826/val_recall":0.7666690906005902,"Client with id: 11946970842997732256/val_loss":0.4726512187293598,"Client with id: 8171213837866800558/val_f1":0.7478698476941101,"Client with id: 15657000865243131826/train_acc":0.7569145114942529,"Federated Evaluation/f1score":0.7222624014263543,"_timestamp":1.7466419064767802e+09,"Federated Evaluation/accuracy":0.7450628366247756,"Client with id: 15101819053264261822/val_acc":0.742818671454219,"Federated Evaluation/precision":0.7264587549017838,"Client with id: 15657000865243131826/val_f1":0.7648183823594223,"Client with id: 11946970842997732256/val_acc":0.751346499102334,"Client with id: 8171213837866800558/val_loss":0.4817249432206154,"Client with id: 11946970842997732256/train_loss":0.5195648414350447,"Federated Evaluation/recall":0.7197156308553708,"Client with id: 15657000865243131826/val_prec":0.7632297648345638,"Client with id: 15101819053264261822/val_prec":0.7261075542546879,"Client with id: 8171213837866800558/val_acc":0.755834829443447,"Client with id: 15657000865243131826/train_f1":0.7421704699701872,"Client with id: 11946970842997732256/train_f1":0.7136126258523697,"Client with id: 11946970842997732256/train_acc":0.732489224137931,"Client with id: 8171213837866800558/train_acc":0.7462284482758621,"Client with id: 8171213837866800558/train_loss":0.5133556901081198,"Client with id: 15101819053264261822/val_loss":0.4916262965117182,"Client with id: 15657000865243131826/train_recall":0.7455828493303793,"Client with id: 15101819053264261822/train_prec":0.7219398010047067,"Client with id: 15657000865243131826/val_loss":0.4453521393239498,"_wandb":{"runtime":1997}}