{"_timestamp":1.7452716351845877e+09,"_runtime":1263.986125,"_step":20,"_wandb":{"runtime":1263}}