{"federated_evaluate": [{"round": 1, "federated_evaluate_loss": 0.46422464422384613, "federated_evaluate_accuracy": 0.7885883905013192, "federated_evaluate_recall": 0.5396572947235272, "federated_evaluate_precision": 0.8892434941702582, "federated_evaluate_f1score": 0.5946234457007799}, {"round": 2, "federated_evaluate_loss": 0.3365173146731004, "federated_evaluate_accuracy": 0.871042216358839, "federated_evaluate_recall": 0.8787110620617101, "federated_evaluate_precision": 0.8266760662955575, "federated_evaluate_f1score": 0.8496076765785265}]}