{"_timestamp":1.7469026988870175e+09,"_runtime":99.9757645,"_step":3,"_wandb":{"runtime":99}}