{"Client with id: 2017276322533086157/val_recall":0.7553661635106883,"Client with id: 10007277826100925148/train_recall":0.7388860608076664,"Client with id: 2017276322533086157/val_acc":0.7553041018387553,"Client with id: 2017276322533086157/train_loss":0.5555130967392994,"Client with id: 17489930066028630995/val_recall":0.7518824449873837,"Client with id: 17489930066028630995/train_acc":0.7405690034580321,"_timestamp":1.7424142138524845e+09,"Client with id: 17489930066028630995/val_acc":0.7531824611032532,"Client with id: 17489930066028630995/val_loss":0.548038038942549,"Client with id: 7639363270459881247/train_recall":0.7390432454321919,"Client with id: 7639363270459881247/val_recall":0.7243621040162636,"Client with id: 2017276322533086157/val_prec":0.7558247436110704,"Client with id: 10007277826100925148/val_prec":0.7224415324914255,"_step":20,"Client with id: 17489930066028630995/train_f1":0.7396278290410911,"Client with id: 10007277826100925148/train_f1":0.7382056454110287,"Client with id: 7639363270459881247/train_acc":0.7386042125117888,"Client with id: 2017276322533086157/train_prec":0.7410147668005826,"Client with id: 10007277826100925148/val_f1":0.7181692988397085,"Client with id: 2017276322533086157/train_f1":0.7390062250361915,"Client with id: 7639363270459881247/val_acc":0.7234794908062234,"Client with id: 10007277826100925148/train_prec":0.7414848717679496,"Client with id: 10007277826100925148/train_loss":0.558374541039443,"Client with id: 7639363270459881247/train_loss":0.556863814442601,"Client with id: 10007277826100925148/val_recall":0.7191506217890239,"Client with id: 7639363270459881247/val_f1":0.7224766347868732,"Client with id: 17489930066028630995/train_recall":0.7398482246812448,"Client with id: 17489930066028630995/train_loss":0.5554301001168974,"Federated Evaluation/precision":0.7457259706326114,"Client with id: 17489930066028630995/train_prec":0.7425025972267265,"Client with id: 2017276322533086157/train_acc":0.7393901288902861,"Federated Evaluation/f1score":0.7433503007447213,"Client with id: 7639363270459881247/train_prec":0.7399827855018759,"_wandb":{"runtime":746},"Client with id: 2017276322533086157/val_loss":0.5548667867978414,"_runtime":746.3359049,"Client with id: 10007277826100925148/train_acc":0.7389185790631877,"Client with id: 2017276322533086157/val_f1":0.7552081144314153,"Client with id: 7639363270459881247/val_prec":0.7283625891778833,"Client with id: 7639363270459881247/val_loss":0.5650353550910949,"Federated Evaluation/accuracy":0.7438472418670439,"Client with id: 2017276322533086157/train_recall":0.7394978919575919,"Federated Evaluation/loss":0.5519378275216164,"Client with id: 7639363270459881247/train_f1":0.738432511979747,"Client with id: 10007277826100925148/val_loss":0.5667367551061843,"Client with id: 17489930066028630995/val_f1":0.7505594249005874,"Federated Evaluation/recall":0.7438676060754252,"Client with id: 17489930066028630995/val_prec":0.7613615600551467,"Client with id: 10007277826100925148/val_acc":0.7192362093352193}