{"_step":20,"_wandb":{"runtime":1481},"_timestamp":1.7452721692369814e+09,"_runtime":1481.3460347}