{"_step":1,"Client 14889247521589413346/val_acc":0.8547854785478548,"Client 14889247521589413346/train_prec":0.783453366067555,"Client 14889247521589413346/val_recall":0.873153505884527,"Client 14889247521589413346/val_f1":0.8358745904901871,"Client 14889247521589413346/train_loss":0.5310525300030398,"_timestamp":1.7469028801965477e+09,"Client 14889247521589413346/val_prec":0.809927717273777,"Client 14889247521589413346/train_f1":0.6911509103006855,"_wandb":{"runtime":71},"_runtime":71.1485443,"Client 14889247521589413346/train_recall":0.6432157671624853,"Client 14889247521589413346/val_loss":0.3764351544607627,"Client 14889247521589413346/train_acc":0.7961129446277961}