{"federated_evaluate": [{"round": 1, "federated_evaluate_loss": 1.2944927219114706, "federated_evaluate_accuracy": 0.24142480211081796, "federated_evaluate_recall": 0.3352484762384651, "federated_evaluate_precision": 0.1694032494168115, "federated_evaluate_f1score": 0.139763390117808}, {"round": 2, "federated_evaluate_loss": 0.46568054462215397, "federated_evaluate_accuracy": 0.8568601583113457, "federated_evaluate_recall": 0.7997767427466889, "federated_evaluate_precision": 0.8784126363388803, "federated_evaluate_f1score": 0.8133055239667883}, {"round": 3, "federated_evaluate_loss": 0.3265228285666157, "federated_evaluate_accuracy": 0.8911609498680739, "federated_evaluate_recall": 0.8517647289408351, "federated_evaluate_precision": 0.889489761168498, "federated_evaluate_f1score": 0.8641399573648223}, {"round": 4, "federated_evaluate_loss": 0.3520308674901751, "federated_evaluate_accuracy": 0.8891820580474934, "federated_evaluate_recall": 0.8945697271070896, "federated_evaluate_precision": 0.8380908283774373, "federated_evaluate_f1score": 0.8626851826814597}]}