{"Federated Evaluation/f1score":0.8294649592077126,"Client 17301872062785825467/train_recall":0.5988065770748352,"Client 17301872062785825467/val_f1":0.8730368968779564,"Client 13129897400519900760/val_loss":0.3590818020073991,"Client 17301872062785825467/val_loss":0.3254630148999001,"Client 13129897400519900760/train_acc":0.7275394206087276,"Client 17301872062785825467/train_f1":0.628969958287363,"Federated Evaluation/recall":0.8440173636545149,"_runtime":197.646623,"Client 17301872062785825467/train_loss":0.624392657693683,"Client 13129897400519900760/train_f1":0.5886409180322546,"Client 10298052302888662388/train_loss":0.6389199971519083,"Client 10298052302888662388/train_recall":0.5856167790282508,"_wandb":{"runtime":197},"Client 10298052302888662388/train_acc":0.7357038123167156,"Client 13129897400519900760/train_prec":0.6686276432827,"Client 17301872062785825467/val_prec":0.8512603445936779,"Client 10298052302888662388/train_f1":0.6210957022191351,"Client 13129897400519900760/train_loss":0.6446756709072072,"Client 10298052302888662388/val_f1":0.782385371923886,"Client 13129897400519900760/val_prec":0.891358024691358,"Client 17301872062785825467/val_recall":0.9026021274384117,"Client 13129897400519900760/val_acc":0.8679867986798679,"Client 10298052302888662388/val_prec":0.8231481481481482,"Client 17301872062785825467/train_acc":0.7418408507517419,"Client 13129897400519900760/train_recall":0.5520559119532961,"Federated Evaluation/loss":0.6198734609916374,"Client 17301872062785825467/train_prec":0.6800173057012721,"_step":2,"Federated Evaluation/accuracy":0.866754617414248,"Federated Evaluation/precision":0.8283796439256665,"Client 13129897400519900760/val_recall":0.819580633611679,"Client 10298052302888662388/val_recall":0.7883078236684039,"Client 17301872062785825467/val_acc":0.8910891089108911,"Client 13129897400519900760/val_f1":0.8498214484990515,"Client 10298052302888662388/val_loss":0.38389868602940913,"Client 10298052302888662388/train_prec":0.6872780374764006,"Client 10298052302888662388/val_acc":0.8481848184818482,"_timestamp":1.7469019276797557e+09}