{"Federated Evaluation/f1score":0.7442673624503952,"Client with id: 16801842567375325216/val_acc":0.7524752475247525,"Client with id: 1251763712914723878/val_prec":0.7478330529520147,"Federated Evaluation/loss":0.550692776167715,"Client with id: 16801842567375325216/train_f1":0.7462477148866182,"Federated Evaluation/precision":0.7466955285326384,"Client with id: 1251763712914723878/train_recall":0.7426483001564803,"Client with id: 15628488825586824239/train_recall":0.7403814272840034,"Client with id: 10861820406332286605/val_acc":0.7298444130127298,"Client with id: 16801842567375325216/val_loss":0.5434756841924455,"Client with id: 10861820406332286605/train_f1":0.743012405382945,"_step":20,"Client with id: 15628488825586824239/train_f1":0.7397920131460615,"_wandb":{"runtime":718},"Federated Evaluation/recall":0.744805834624006,"Client with id: 1251763712914723878/train_prec":0.7443877354869493,"Client with id: 10861820406332286605/val_loss":0.5617176453272502,"Client with id: 15628488825586824239/val_f1":0.7195841766719298,"Client with id: 16801842567375325216/train_loss":0.5510166758418682,"Client with id: 10861820406332286605/train_recall":0.7438721692775275,"Client with id: 1251763712914723878/val_f1":0.747469052579973,"Client with id: 10861820406332286605/val_f1":0.7292898311030922,"Client with id: 1251763712914723878/val_loss":0.5536586039596134,"_runtime":718.651511196,"Client with id: 10861820406332286605/train_acc":0.7433197107827727,"Client with id: 16801842567375325216/val_prec":0.7568000490351317,"Client with id: 15628488825586824239/train_loss":0.5569106529855249,"Client with id: 15628488825586824239/train_prec":0.7426637116372118,"Client with id: 15628488825586824239/val_acc":0.7220650636492221,"Client with id: 15628488825586824239/val_recall":0.7219334677742033,"Client with id: 1251763712914723878/val_acc":0.7475247524752475,"Client with id: 15628488825586824239/val_loss":0.5668241474363539,"Client with id: 10861820406332286605/val_prec":0.732985521313597,"Client with id: 1251763712914723878/train_loss":0.5522314150579012,"Client with id: 16801842567375325216/train_recall":0.7463699570964994,"Client with id: 16801842567375325216/train_prec":0.7485726470018007,"Client with id: 16801842567375325216/train_acc":0.7470135177617101,"Client with id: 15628488825586824239/train_acc":0.7404118201823326,"_timestamp":1.7424173063763459e+09,"Client with id: 10861820406332286605/train_loss":0.5525650911444995,"Client with id: 1251763712914723878/val_recall":0.7475727475517411,"Client with id: 10861820406332286605/train_prec":0.7454735328585425,"Client with id: 1251763712914723878/train_f1":0.7421030639799934,"Client with id: 16801842567375325216/val_recall":0.7515052556383305,"Client with id: 1251763712914723878/train_acc":0.7425337944042754,"Client with id: 10861820406332286605/val_recall":0.7305389700821181,"Client with id: 15628488825586824239/val_prec":0.7299486966886044,"Client with id: 16801842567375325216/val_f1":0.7509124987668936,"Federated Evaluation/accuracy":0.7447666195190947}