{"_step":10,"_wandb":{"runtime":216},"_timestamp":1.7464668072183702e+09,"_runtime":216.0198489}