{"_step":4,"_timestamp":1.7464679769540894e+09,"_wandb":{"runtime":93},"_runtime":93.0727148}