{"Client with id: 2017276322533086157/F1/val":0.7507740868401449,"Client with id: 17489930066028630995/Recall/train":0.7442424634069825,"Client with id: 10007277826100925148/Accuracy/val":0.7185289957567186,"Client with id: 7639363270459881247/F1/val":0.7332522699011976,"Client with id: 10007277826100925148/Accuracy/train":0.7400974536309337,"Federated Evaluation/f1score":0.7449310635530848,"_step":20,"Federated Evaluation/loss":0.5515307355839927,"Client with id: 7639363270459881247/Recall/train":0.7443967482577375,"Client with id: 2017276322533086157/Loss/train":0.552808065734916,"Client with id: 2017276322533086157/F1/train":0.7404366031167129,"Client with id: 17489930066028630995/Loss/val":0.549406631787618,"Federated Evaluation/recall":0.7455911457086986,"Client with id: 17489930066028630995/F1/train":0.7441758018081716,"Client with id: 7639363270459881247/Accuracy/train":0.7440270355234203,"Client with id: 2017276322533086157/Recall/train":0.740820728871614,"Client with id: 17489930066028630995/Accuracy/train":0.7448129519019177,"Client with id: 17489930066028630995/Recall/val":0.7475582742536753,"Federated Evaluation/precision":0.74794177403751,"Client with id: 7639363270459881247/Recall/val":0.7337784732115702,"Client with id: 2017276322533086157/Recall/val":0.7534665746381378,"Client with id: 7639363270459881247/Accuracy/val":0.7333804809052333,"Client with id: 2017276322533086157/Loss/val":0.5562353193759918,"_timestamp":1.742402526820538e+09,"_wandb":{"runtime":753},"Federated Evaluation/accuracy":0.7455445544554455,"Client with id: 10007277826100925148/F1/train":0.7394278773524963,"Client with id: 17489930066028630995/Loss/train":0.551523592379225,"Client with id: 7639363270459881247/F1/train":0.7439241861615095,"Client with id: 2017276322533086157/Accuracy/val":0.7531824611032532,"_runtime":753.974512684,"Client with id: 7639363270459881247/Loss/train":0.5518067300918713,"Client with id: 10007277826100925148/F1/val":0.7183035705347293,"Client with id: 10007277826100925148/Loss/val":0.5664159430397882,"Client with id: 10007277826100925148/Recall/val":0.7184904210880108,"Client with id: 10007277826100925148/Loss/train":0.5553180621796517,"Client with id: 17489930066028630995/F1/val":0.7459649279069144,"Client with id: 7639363270459881247/Loss/val":0.5644266108671824,"Client with id: 17489930066028630995/Accuracy/val":0.748939179632249,"Client with id: 2017276322533086157/Accuracy/train":0.7407261867337316,"Client with id: 10007277826100925148/Recall/train":0.7400658746919211}