{"_wandb":{"runtime":76},"_timestamp":1.7469023949735374e+09,"_runtime":76.4019265,"_step":2}