{"federated_evaluate": [{"round": 1, "federated_evaluate_loss": 0.5049686789153867, "federated_evaluate_accuracy": 0.7664907651715039, "federated_evaluate_recall": 0.46567498017444564, "federated_evaluate_precision": 0.70702123191405, "federated_evaluate_f1score": 0.47423323371376785}]}