round,client_id,train_loss,train_accuracy,train_recall,train_f1,train_precision,val_loss,val_accuracy,val_recall,val_f1,val_precision
1,13825936711638916313,0.5402126502780971,0.7840909090909091,0.6371417100053743,0.6814519029682349,0.7650858982612997,0.3433030434442978,0.8910891089108911,0.890576852356738,0.8456668146983212,0.8167391903717288
1,13439963076577826277,0.5363227411492829,0.7843784378437844,0.6318807187886851,0.675604617804663,0.7573106662930954,0.3181010181280343,0.8877887788778878,0.9009014471663028,0.8580200345448977,0.8346346647920798
1,14859973705466029879,0.5187991299008257,0.7854785478547854,0.6367882561819705,0.6805439368923133,0.7608459419121183,0.3609279862752086,0.8646864686468647,0.8836261159811972,0.8489171647066384,0.8227146042363435
1,16955545019744118280,0.515861399023851,0.7994132746607994,0.6472415933851218,0.693016258606113,0.778152561182174,0.3672465045789355,0.858085808580858,0.8205421387570307,0.8266626752482162,0.8334026671152525
