{"Client with id: 17489930066028630995/Loss (val)":0.5482955561743842,"Client with id: 2017276322533086157/Loss (val)":0.5592243466112349,"Client with id: 10007277826100925148/Loss":0.5563773728495267,"Client with id: 2017276322533086157/F1 (val)":0.7446947489405503,"Client with id: 10007277826100925148/Loss (val)":0.5673294378651513,"Client with id: 2017276322533086157/Loss":0.5522614659825761,"Client with id: 7639363270459881247/Loss (val)":0.5587784515486823,"Federated Evaluation/recall":0.7447932482518559,"Client with id: 10007277826100925148/Recall":0.7417941007971631,"Federated Evaluation/f1score":0.7443612225999297,"Client with id: 17489930066028630995/F1 (val)":0.7447989860583016,"Client with id: 7639363270459881247/Recall (val)":0.7285840630052345,"Federated Evaluation/precision":0.7463160977882083,"_runtime":741.156458675,"Client with id: 2017276322533086157/Recall (val)":0.7447078594364253,"Client with id: 10007277826100925148/Accuracy":0.7418264696636278,"Client with id: 17489930066028630995/Recall":0.7452802504399021,"Client with id: 17489930066028630995/F1":0.7450871718992766,"Client with id: 10007277826100925148/F1 (val)":0.7204176101234925,"Client with id: 17489930066028630995/Accuracy":0.7459918264696637,"Client with id: 2017276322533086157/Recall":0.7408169487375527,"Client with id: 17489930066028630995/Recall (val)":0.7467408639136847,"Client with id: 7639363270459881247/Accuracy (val)":0.7284299858557284,"Client with id: 10007277826100925148/F1":0.7411278498008727,"Client with id: 2017276322533086157/Accuracy (val)":0.7446958981612447,"Client with id: 7639363270459881247/F1 (val)":0.7284278126219128,"Client with id: 10007277826100925148/Accuracy (val)":0.7213578500707214,"Federated Evaluation/accuracy":0.7447666195190947,"Client with id: 10007277826100925148/Recall (val)":0.7212772682895601,"_wandb":{"runtime":741},"Client with id: 17489930066028630995/Accuracy (val)":0.7482319660537482,"Client with id: 7639363270459881247/Recall":0.7437930957113364,"_timestamp":1.7424032891467185e+09,"Federated Evaluation/loss":0.5511719754284566,"Client with id: 7639363270459881247/Loss":0.5518802119110098,"Client with id: 2017276322533086157/F1":0.7404606376967362,"Client with id: 17489930066028630995/Loss":0.5511440460256596,"Client with id: 7639363270459881247/F1":0.7431140753309798,"_step":20,"Client with id: 2017276322533086157/Accuracy":0.7407261867337316,"Client with id: 7639363270459881247/Accuracy":0.7433197107827727}