{"Client 106244281106753125/train_prec":0.8044954799247641,"Client 2903824627432856786/train_prec":0.8103368392497877,"Client 2903824627432856786/train_recall":0.7658131314418464,"Client 13326664305776886267/val_recall":0.882184235999273,"_timestamp":1.7469077920311902e+09,"Client 106244281106753125/val_f1":0.898834627571741,"Federated Evaluation/loss":0.2870274706186886,"_wandb":{"runtime":1631},"Client 13326664305776886267/val_acc":0.8877887788778878,"Client 4490121147532110908/val_recall":0.7635245948973818,"Client 106244281106753125/val_acc":0.9042904290429042,"_runtime":1631.5849837,"Federated Evaluation/precision":0.8823701887823922,"Client 106244281106753125/val_prec":0.8890345765345765,"Client 13326664305776886267/val_f1":0.8798130434418753,"Client 4490121147532110908/train_recall":0.5913284826935917,"Client 106244281106753125/train_f1":0.7768071249533134,"Client 4490121147532110908/train_acc":0.7495416208287495,"Client 4490121147532110908/train_f1":0.6246418231074132,"Client 2903824627432856786/val_prec":0.896866676717423,"Client 4490121147532110908/val_f1":0.7824070208640636,"Client 13326664305776886267/train_prec":0.6851126717139673,"Client 2903824627432856786/train_loss":0.41178837390357076,"Client 13326664305776886267/train_loss":0.635783143876847,"_step":9,"Client 2903824627432856786/train_acc":0.8335166850018335,"Client 4490121147532110908/train_prec":0.6844716683831789,"Client 2903824627432856786/val_recall":0.9111170784103115,"Client 13326664305776886267/train_f1":0.6294230538810918,"Client 106244281106753125/train_acc":0.8261826182618262,"Client 13326664305776886267/train_acc":0.7459677419354839,"Federated Evaluation/f1score":0.8887620464574717,"Client 2903824627432856786/val_acc":0.9108910891089109,"Client 4490121147532110908/val_prec":0.806105006105006,"Client 4490121147532110908/val_loss":0.43040377680996533,"Client 106244281106753125/val_loss":0.2812332736426278,"Federated Evaluation/recall":0.8993717860119352,"Client 4490121147532110908/train_loss":0.6198571742074619,"Client 13326664305776886267/train_recall":0.5974214259065297,"Federated Evaluation/accuracy":0.9182058047493404,"Client 106244281106753125/val_recall":0.909404848526847,"Client 13326664305776886267/val_loss":0.34205268681245415,"Client 2903824627432856786/val_loss":0.22063388173027257,"Client 2903824627432856786/val_f1":0.9008111604322729,"Client 106244281106753125/train_loss":0.42873263326978794,"Client 13326664305776886267/val_prec":0.8775656482793481,"Client 106244281106753125/train_recall":0.7562592323158862,"Client 4490121147532110908/val_acc":0.8151815181518152,"Client 2903824627432856786/train_f1":0.7851105350338964}