{"Client with id: 8171213837866800558/val_loss":0.4970880180597305,"Client with id: 15101819053264261822/train_recall":0.7195841325647356,"Client with id: 15101819053264261822/val_loss":0.48439696260860987,"Client with id: 11946970842997732256/train_f1":0.7110915822734345,"Client with id: 11946970842997732256/val_recall":0.7724964041711615,"_wandb":{"runtime":1523},"Client with id: 11946970842997732256/train_prec":0.7110704770537942,"Client with id: 11946970842997732256/val_prec":0.7569620201575599,"Client with id: 15101819053264261822/val_recall":0.737005167698237,"Client with id: 11946970842997732256/val_f1":0.7385857784285828,"Client with id: 15657000865243131826/train_loss":0.5112257792946251,"Client with id: 15657000865243131826/train_f1":0.7341833901384562,"Client with id: 8171213837866800558/val_recall":0.6940953747884442,"Client with id: 8171213837866800558/val_prec":0.7200210563429525,"Client with id: 11946970842997732256/train_acc":0.7306034482758621,"Client with id: 15657000865243131826/val_loss":0.48247895134346824,"Client with id: 15101819053264261822/train_acc":0.7406609195402298,"Client with id: 15101819053264261822/val_f1":0.7335492560012413,"Federated Evaluation/f1score":0.7428210100637751,"Client with id: 8171213837866800558/train_recall":0.7160746093991281,"Client with id: 8171213837866800558/val_f1":0.7012897632305753,"Federated Evaluation/precision":0.7417415233051498,"Client with id: 8171213837866800558/train_loss":0.49917890915069085,"_step":50,"Client with id: 8171213837866800558/val_acc":0.7374326750448833,"Client with id: 15101819053264261822/val_acc":0.7495511669658886,"Client with id: 15101819053264261822/train_prec":0.7202805386026325,"_runtime":1523.0038706,"Client with id: 8171213837866800558/train_prec":0.718925328096642,"Client with id: 15101819053264261822/train_loss":0.5349132688180811,"_timestamp":1.7466435078879378e+09,"Client with id: 11946970842997732256/val_acc":0.7401256732495511,"Client with id: 11946970842997732256/val_loss":0.5244559168815612,"Client with id: 11946970842997732256/train_recall":0.711112740919507,"Client with id: 8171213837866800558/train_acc":0.7395833333333334,"Client with id: 15657000865243131826/train_prec":0.7339733093596545,"Federated Evaluation/recall":0.744476102955521,"Federated Evaluation/loss":0.5421223491430283,"Client with id: 15657000865243131826/val_f1":0.7486940812526465,"Client with id: 15657000865243131826/train_acc":0.7523347701149425,"Client with id: 15657000865243131826/train_recall":0.734397973507907,"Client with id: 15101819053264261822/train_f1":0.7199261416891165,"Client with id: 15657000865243131826/val_acc":0.7535906642728905,"Client with id: 15101819053264261822/val_prec":0.7310856600704798,"Client with id: 15657000865243131826/val_prec":0.7515314281292719,"Client with id: 11946970842997732256/train_loss":0.5360203362658791,"Client with id: 15657000865243131826/val_recall":0.7701543613063965,"Federated Evaluation/accuracy":0.7594254937163375,"Client with id: 8171213837866800558/train_f1":0.7174002164022124}