{"Federated Evaluation/accuracy":0.6328545780969479,"Federated Evaluation/recall":0.5,"_wandb":{"runtime":1132},"Federated Evaluation/loss":0.6849036663770676,"Federated Evaluation/f1score":0.38757466552294534,"_runtime":1132.6486494,"_step":20,"Federated Evaluation/precision":0.31642728904847395,"_timestamp":1.7452726883137543e+09}