{"Client with id: 15982416765838935819/val_loss":0.49120825401374274,"Client with id: 1321170231824363909/val_prec":0.7357376934876587,"Client with id: 1566653758322919949/train_loss":0.5208664870253582,"Client with id: 1321170231824363909/val_loss":0.480332051217556,"Client with id: 1895108480718247852/train_loss":0.5158582898606171,"Client with id: 1566653758322919949/val_f1":0.7623545727393605,"Client with id: 1566653758322919949/val_loss":0.4546639121004513,"_timestamp":1.7465583115914354e+09,"Client with id: 1321170231824363909/val_recall":0.734992997369235,"Client with id: 1566653758322919949/val_prec":0.7600390253095868,"Client with id: 1321170231824363909/val_acc":0.7549371633752244,"Client with id: 1321170231824363909/train_prec":0.7256806880179254,"Client with id: 15982416765838935819/train_prec":0.7182135973079813,"Client with id: 1895108480718247852/val_f1":0.7145519997789328,"Client with id: 1321170231824363909/val_f1":0.7353589972737249,"Client with id: 15982416765838935819/val_recall":0.7047876386468619,"_runtime":1651.5897366,"_step":50,"Client with id: 15982416765838935819/train_recall":0.7218275010793638,"Client with id: 1566653758322919949/train_recall":0.7326894098157795,"Federated Evaluation/precision":0.7562878284078476,"Client with id: 15982416765838935819/train_f1":0.7198144521817016,"_wandb":{"runtime":1651},"Client with id: 15982416765838935819/val_prec":0.7333314620961205,"Client with id: 1895108480718247852/train_f1":0.7145174265843764,"Client with id: 1895108480718247852/val_acc":0.7482046678635548,"Client with id: 1321170231824363909/train_loss":0.5187737976211584,"Client with id: 1895108480718247852/val_loss":0.4848913073539734,"Client with id: 1321170231824363909/train_acc":0.7457794540229885,"Client with id: 1895108480718247852/train_acc":0.7341056034482759,"Federated Evaluation/f1score":0.727882310959936,"Client with id: 1566653758322919949/train_acc":0.7479346264367817,"Client with id: 15982416765838935819/val_f1":0.7125167199199591,"Client with id: 1895108480718247852/train_prec":0.7136642393869094,"Federated Evaluation/recall":0.7181593143053845,"Client with id: 1895108480718247852/val_recall":0.707012882755457,"Federated Evaluation/loss":0.5272266417741776,"Client with id: 15982416765838935819/train_acc":0.7365301724137931,"Federated Evaluation/accuracy":0.7634649910233393,"Client with id: 1895108480718247852/train_recall":0.7154633956191268,"Client with id: 1566653758322919949/val_recall":0.7771136487390782,"Client with id: 15982416765838935819/val_acc":0.7464093357271095,"Client with id: 15982416765838935819/train_loss":0.526664681176002,"Client with id: 1321170231824363909/train_recall":0.7216339628689195,"Client with id: 1566653758322919949/train_f1":0.7310399862537533,"Client with id: 1566653758322919949/train_prec":0.7296467424340484,"Client with id: 1566653758322919949/val_acc":0.7697486535008977,"Client with id: 1895108480718247852/val_prec":0.7325114586575927,"Client with id: 1321170231824363909/train_f1":0.7234703771146915}