{"_runtime":245.7966492,"_step":4,"_wandb":{"runtime":245},"_timestamp":1.7454347425781322e+09}