round,client_id,train_loss,train_accuracy,train_recall,train_f1,train_precision,val_loss,val_accuracy,val_recall,val_f1,val_precision
2,10298052302888662388,0.6389199971519083,0.7357038123167156,0.5856167790282508,0.6210957022191351,0.6872780374764006,0.38389868602940913,0.8481848184818482,0.7883078236684039,0.782385371923886,0.8231481481481482
2,17301872062785825467,0.624392657693683,0.7418408507517419,0.5988065770748352,0.628969958287363,0.6800173057012721,0.3254630148999001,0.8910891089108911,0.9026021274384117,0.8730368968779564,0.8512603445936779
2,13129897400519900760,0.6446756709072072,0.7275394206087276,0.5520559119532961,0.5886409180322546,0.6686276432827,0.3590818020073991,0.8679867986798679,0.819580633611679,0.8498214484990515,0.891358024691358
