{"federated_evaluate": [{"round": 1, "federated_evaluate_loss": 1.3556782073007934, "federated_evaluate_accuracy": 0.158311345646438, "federated_evaluate_recall": 0.2661554405955267, "federated_evaluate_precision": 0.1970908306711083, "federated_evaluate_f1score": 0.13010222082280584}, {"round": 2, "federated_evaluate_loss": 0.6198734609916374, "federated_evaluate_accuracy": 0.866754617414248, "federated_evaluate_recall": 0.8440173636545149, "federated_evaluate_precision": 0.8283796439256665, "federated_evaluate_f1score": 0.8294649592077126}]}