round,client_id,train_loss,train_accuracy,train_recall,train_f1,train_precision,val_loss,val_accuracy,val_recall,val_f1,val_precision
1,11142935446298259027,0.6315859533529565,0.749266862170088,0.6241439004124971,0.651385986193665,0.6927891951265637,0.44529689848423004,0.8382838283828383,0.8690722259560313,0.8289716937471074,0.8013736936069487
1,11444345262923111288,0.6414670915591402,0.7323065639897323,0.5895445932091017,0.6133046385784365,0.6530750673236767,0.5617951399916293,0.7887788778877888,0.6881576059965582,0.7182255614477119,0.8586552706552707
1,4004931394340240835,0.6499753048468676,0.7293729372937293,0.5734973122052579,0.6004712984936659,0.6496990175039409,0.3890816415414998,0.8547854785478548,0.8446115288220551,0.8324641750371633,0.8396065922381712
2,11142935446298259027,0.5436823234164164,0.7789589442815249,0.6764237130617904,0.7008806812541568,0.7373716921236831,0.4851308487000336,0.8184818481848185,0.6992564788631186,0.7311455116333164,0.9129764265256665
2,4004931394340240835,0.559496994070228,0.7653098643197653,0.6465007299208164,0.6718636202759113,0.713663850907242,0.36510579665436554,0.8646864686468647,0.7806757677604148,0.8275008405443188,0.9005160550458715
2,11444345262923111288,0.5349425635194062,0.7719105243857719,0.6664173394416548,0.6906308773476669,0.7253135873168017,0.5615735824563002,0.7425742574257426,0.785185890994768,0.7481755424063117,0.7599636481375188
