{"federated_evaluate": [{"round": 1, "federated_evaluate_loss": 0.5774784762504049, "federated_evaluate_accuracy": 0.8636763412489006, "federated_evaluate_recall": 0.8068920628499484, "federated_evaluate_precision": 0.8738266551347605, "federated_evaluate_f1score": 0.8291117467631105}, {"round": 2, "federated_evaluate_loss": 0.3558791196665898, "federated_evaluate_accuracy": 0.8755496921723834, "federated_evaluate_recall": 0.862507124494925, "federated_evaluate_precision": 0.8488602053083146, "federated_evaluate_f1score": 0.8549829397188929}]}