{"_timestamp":1.7452711871847115e+09,"_runtime":960.7011033,"_step":20,"_wandb":{"runtime":960}}