{"Federated Evaluation/f1score":0.3874621913932312,"Federated Evaluation/precision":0.31627767803710355,"Federated Evaluation/loss":0.6849667231241862,"_step":8,"Federated Evaluation/accuracy":0.6325553560742071,"Federated Evaluation/recall":0.5,"_runtime":217.1686988,"_timestamp":1.7464665201992517e+09,"_wandb":{"runtime":217}}