{"_step":9,"_wandb":{"runtime":205},"_timestamp":1.746468262839238e+09,"_runtime":205.097984}