{"Federated Evaluation/accuracy":0.6328545780969479,"_wandb":{"runtime":49},"Federated Evaluation/recall":0.5,"_step":1,"Federated Evaluation/precision":0.31642728904847395,"Federated Evaluation/f1score":0.38757466552294534,"Federated Evaluation/loss":0.6848410367965698,"_timestamp":1.7465520577233958e+09,"_runtime":49.9879686}