{"15512097187200320146/val_loss":0.570607676770952,"4456319437557812372/train_f1":0.6659689990994025,"15512097187200320146/train_loss":0.6182399660947934,"4456319437557812372/val_recall":0.6914061874809942,"4456319437557812372/val_acc":0.6916548797736917,"7246607839662207681/val_recall":0.7205603399977589,"15512097187200320146/train_acc":0.6623703237975479,"10510635095351615470/train_loss":0.6123451701360731,"_wandb":{"runtime":42},"4456319437557812372/train_loss":0.6181143891421994,"10510635095351615470/train_recall":0.6722790231252376,"4456319437557812372/val_loss":0.6020138243834178,"7246607839662207681/train_acc":0.6665356806035838,"10510635095351615470/train_acc":0.6732945614586608,"15512097187200320146/val_f1":0.738161253190531,"10510635095351615470/val_f1":0.7080256616417802,"10510635095351615470/train_f1":0.6712271306511766,"10510635095351615470/val_loss":0.5765702936384413,"15512097187200320146/train_recall":0.6625161782943467,"10510635095351615470/val_recall":0.7117703086949649,"4456319437557812372/train_acc":0.6669286387928325,"_step":1,"7246607839662207681/train_f1":0.6658485367396276,"7246607839662207681/train_loss":0.6151722437472799,"15512097187200320146/train_f1":0.6614259478955382,"7246607839662207681/val_acc":0.7206506364922206,"_timestamp":1.742324956350432e+09,"7246607839662207681/val_loss":0.5761022475030687,"4456319437557812372/train_recall":0.6668952026419845,"15512097187200320146/val_recall":0.7384089067610959,"15512097187200320146/val_acc":0.7383309759547383,"_runtime":42.204973214,"10510635095351615470/val_acc":0.7135785007072136,"7246607839662207681/val_f1":0.720576706704348,"7246607839662207681/train_recall":0.6672114094062553,"4456319437557812372/val_f1":0.681705161247687}