{"Client with id: 17489930066028630995/train_f1":0.7453443159782871,"Client with id: 10007277826100925148/val_acc":0.7234794908062234,"Client with id: 10007277826100925148/val_recall":0.7234499287783487,"Client with id: 2017276322533086157/val_acc":0.743988684582744,"Client with id: 2017276322533086157/train_prec":0.7422524763313101,"Client with id: 10007277826100925148/train_loss":0.5547005550645704,"Client with id: 7639363270459881247/train_loss":0.5528180992333733,"Federated Evaluation/loss":0.5525061759997059,"Client with id: 7639363270459881247/val_f1":0.7269343966294,"Client with id: 17489930066028630995/val_f1":0.7461961272877211,"Client with id: 2017276322533086157/val_f1":0.7439758795095874,"Client with id: 10007277826100925148/val_prec":0.7238525380349494,"Client with id: 2017276322533086157/val_recall":0.7439746321359622,"_wandb":{"runtime":743},"Client with id: 10007277826100925148/train_prec":0.7445333227953211,"Client with id: 2017276322533086157/val_loss":0.5573794576856825,"Client with id: 17489930066028630995/val_prec":0.7572274881516587,"Client with id: 10007277826100925148/train_acc":0.7415906947500785,"_timestamp":1.74241519267462e+09,"Federated Evaluation/accuracy":0.7432814710042432,"Federated Evaluation/recall":0.743292935259099,"Client with id: 17489930066028630995/train_acc":0.7463061930210626,"Client with id: 17489930066028630995/train_recall":0.7455671057429257,"Client with id: 7639363270459881247/train_acc":0.7425337944042754,"Client with id: 2017276322533086157/train_acc":0.7403332285444829,"Client with id: 17489930066028630995/val_loss":0.5466489824983809,"Client with id: 10007277826100925148/val_loss":0.5649390240510305,"Client with id: 2017276322533086157/train_loss":0.5528732273896136,"Client with id: 10007277826100925148/train_recall":0.7415561021971375,"Federated Evaluation/precision":0.7454940545355802,"Client with id: 7639363270459881247/val_recall":0.7303989050919626,"Client with id: 7639363270459881247/train_f1":0.742332091102223,"Client with id: 7639363270459881247/train_prec":0.7441111752210776,"Client with id: 17489930066028630995/train_prec":0.7484283814408199,"Client with id: 7639363270459881247/val_prec":0.7392132177424884,"Client with id: 2017276322533086157/val_prec":0.7440039216863251,"_runtime":743.494681847,"Client with id: 17489930066028630995/val_acc":0.748939179632249,"_step":20,"Client with id: 2017276322533086157/train_recall":0.7404502386734645,"Client with id: 7639363270459881247/val_loss":0.565607213973999,"Client with id: 10007277826100925148/train_f1":0.740792682904162,"Client with id: 10007277826100925148/val_f1":0.7233465186508443,"Client with id: 17489930066028630995/val_recall":0.7476183043888032,"Client with id: 2017276322533086157/train_f1":0.7398785000245518,"Federated Evaluation/f1score":0.7426899070068534,"Client with id: 7639363270459881247/val_acc":0.7291371994342292,"Client with id: 7639363270459881247/train_recall":0.743003101364108,"Client with id: 17489930066028630995/train_loss":0.5512359038968782}