{"Client with id: 7639363270459881247/val_prec":0.7290107709750566,"Client with id: 2017276322533086157/train_acc":0.7421408362150267,"Federated Evaluation/loss":0.5503275697832709,"_timestamp":1.7424078085459054e+09,"Federated Evaluation/accuracy":0.7451909476661952,"Client with id: 10007277826100925148/val_loss":0.5722290045685239,"Client with id: 7639363270459881247/val_acc":0.7256011315417256,"Federated Evaluation/precision":0.7473799990386114,"Federated Evaluation/f1score":0.7446259199980727,"Client with id: 7639363270459881247/val_loss":0.5633722960948944,"Federated Evaluation/recall":0.745225365609974,"_step":20,"Client with id: 2017276322533086157/val_acc":0.7432814710042432,"Client with id: 17489930066028630995/val_loss":0.5454439110226101,"Client with id: 2017276322533086157/train_f1":0.7418363198083087,"Client with id: 7639363270459881247/train_prec":0.7431867646546032,"Client with id: 10007277826100925148/val_acc":0.7107496463932107,"Client with id: 10007277826100925148/val_recall":0.7107600710616027,"Client with id: 10007277826100925148/val_f1":0.710737927740251,"Client with id: 7639363270459881247/train_recall":0.7421295608521008,"Client with id: 2017276322533086157/val_f1":0.7396499226226435,"Client with id: 7639363270459881247/train_loss":0.5527586409045224,"Client with id: 17489930066028630995/train_prec":0.7474083262761563,"Client with id: 17489930066028630995/train_f1":0.7460233085626388,"Client with id: 10007277826100925148/train_recall":0.7432113203232373,"Client with id: 17489930066028630995/train_recall":0.7460407950844151,"_wandb":{"runtime":678},"Client with id: 2017276322533086157/val_prec":0.7583834088710089,"Client with id: 2017276322533086157/train_recall":0.7422379085432389,"Client with id: 2017276322533086157/val_loss":0.5596604632006751,"Client with id: 2017276322533086157/train_loss":0.5516961962733437,"Client with id: 10007277826100925148/train_f1":0.7426515852743616,"Client with id: 7639363270459881247/train_acc":0.7416692863879283,"Client with id: 17489930066028630995/train_acc":0.7465419679346118,"Client with id: 7639363270459881247/val_f1":0.724965058663346,"Client with id: 17489930066028630995/train_loss":0.5509730396258771,"Client with id: 2017276322533086157/train_prec":0.7434760617416982,"Client with id: 10007277826100925148/train_prec":0.7454307097363813,"Client with id: 10007277826100925148/train_acc":0.743241119144923,"_runtime":678.264361445,"Client with id: 7639363270459881247/train_f1":0.7414770167149518,"Client with id: 2017276322533086157/val_recall":0.7436215226720284,"Client with id: 7639363270459881247/val_recall":0.7263310175921627,"Client with id: 10007277826100925148/val_prec":0.7108018225149024,"Client with id: 17489930066028630995/val_recall":0.7566268266669869,"Client with id: 17489930066028630995/val_f1":0.7563258307119627,"Client with id: 10007277826100925148/train_loss":0.5551050932113849,"Client with id: 17489930066028630995/val_acc":0.7574257425742574,"Client with id: 17489930066028630995/val_prec":0.7603385137549126}