{"_wandb":{"runtime":41},"_timestamp":1.7464676766655862e+09,"_runtime":41.8263446,"_step":1}