{"_step":4,"_wandb":{"runtime":110},"_timestamp":1.7464684507264793e+09,"_runtime":110.1620036}