{"Federated Evaluation/recall":0.9094556696867719,"Client 9189040892612642589/val_recall":0.9104308533796607,"Client 1624963195177073546/val_acc":0.9405940594059405,"Client 9189040892612642589/train_f1":0.8376514617084853,"Federated Evaluation/accuracy":0.9281002638522426,"Client 9189040892612642589/train_acc":0.8771994134897361,"Client 1624963195177073546/train_recall":0.8018799203688144,"Client 1624963195177073546/val_recall":0.924430892900454,"Client 1624963195177073546/val_loss":0.17626488939200308,"Federated Evaluation/f1score":0.9100016667814499,"_timestamp":1.7469058320405433e+09,"Client 9189040892612642589/train_prec":0.8578898815003807,"_runtime":2083.5701505,"Client 1624963195177073546/train_loss":0.35437176384108926,"Client 1624963195177073546/train_acc":0.8709204253758709,"Client 9189040892612642589/val_f1":0.8741118749698232,"Client 9189040892612642589/train_recall":0.8212477575425122,"Client 1624963195177073546/val_prec":0.9497944069606307,"Client 1624963195177073546/train_prec":0.8459890727792944,"Client 9189040892612642589/val_prec":0.8589520258614836,"Client 9189040892612642589/train_loss":0.33186074332806076,"Client 1624963195177073546/val_f1":0.9365838494149822,"Federated Evaluation/precision":0.912501912995032,"_wandb":{"runtime":2083},"Federated Evaluation/loss":0.19206730818356596,"Client 9189040892612642589/val_acc":0.8679867986798679,"Client 9189040892612642589/val_loss":0.32914218824015207,"_step":33,"Client 1624963195177073546/train_f1":0.8215213533889822}