{"_timestamp":1.7464672769882724e+09,"_wandb":{"runtime":176},"_runtime":176.038902,"_step":8}