{"Client 13811638901384626119/val_prec":0.9445468509984639,"Client 13811638901384626119/train_recall":0.7884886835019761,"Client 13811638901384626119/val_recall":0.9078831872307497,"Client 16140670867182233473/val_prec":0.8104783274052448,"Client 5083975980239802565/val_f1":0.8504106155877285,"Client 4773069015789621456/train_loss":0.37751445907411846,"Client 16140670867182233473/train_loss":0.45772208661780506,"Client 5083975980239802565/train_recall":0.8012073523852243,"Client 16140670867182233473/train_recall":0.7467783369074917,"Client 16140670867182233473/train_f1":0.7662422923987292,"Federated Evaluation/f1score":0.9120121940231526,"Client 16140670867182233473/val_f1":0.8279534714649218,"Client 13811638901384626119/train_acc":0.8525852585258525,"Client 4773069015789621456/val_f1":0.9026034637876744,"Client 4773069015789621456/train_acc":0.8562522918958563,"_runtime":4944.4865288,"Client 16140670867182233473/train_prec":0.7938069993228427,"Client 4773069015789621456/train_recall":0.7884870068797186,"Client 16140670867182233473/val_acc":0.8184818481848185,"Client 4773069015789621456/train_f1":0.8101431043036507,"Client 13811638901384626119/val_f1":0.9228757357112535,"Client 5083975980239802565/val_recall":0.8183159511682433,"Client 5083975980239802565/val_acc":0.8778877887788779,"Client 5083975980239802565/val_loss":0.30049484852535996,"Client 4773069015789621456/val_recall":0.9111055287989559,"Federated Evaluation/loss":0.20174041117327718,"Client 16140670867182233473/val_loss":0.4072834289093551,"_timestamp":1.7469178555708435e+09,"Client 5083975980239802565/train_f1":0.8212449847188407,"_step":20,"Client 4773069015789621456/val_acc":0.9075907590759076,"Client 5083975980239802565/train_acc":0.8602860286028603,"Client 5083975980239802565/val_prec":0.8964833757093591,"Client 13811638901384626119/val_acc":0.9273927392739274,"Client 16140670867182233473/val_recall":0.8699789075015746,"Client 5083975980239802565/train_loss":0.37054344822476476,"Federated Evaluation/precision":0.924467651524394,"Client 5083975980239802565/train_prec":0.8469907898410702,"Client 13811638901384626119/train_f1":0.8083816444697259,"Client 4773069015789621456/val_loss":0.23055694242449185,"Client 16140670867182233473/train_acc":0.8203812316715543,"_wandb":{"runtime":4944},"Federated Evaluation/accuracy":0.932277924362357,"Client 13811638901384626119/train_prec":0.835115662767277,"Client 4773069015789621456/train_prec":0.8388528832998396,"Client 4773069015789621456/val_prec":0.894728620990151,"Client 13811638901384626119/val_loss":0.19739434706034922,"Client 13811638901384626119/train_loss":0.3915079705501822,"Federated Evaluation/recall":0.9012540715124217}